text,label
Your bank account is suspended verify now,scam
Account blocked verify urgently,scam
Your OTP is required to complete transaction,scam
Congratulations you won 500,scam
You won 1000 rupees click here,scam
Urgent update your KYC immediately,scam
Click here to claim your prize,scam
Limited offer get gift card free now,scam
Your OTP is required to complete transaction,scam
Win a free gift card now click link,scam
Your OTP is required to complete transaction,scam
You won 10000 rupees click here,scam
Congratulations you won 10000,scam
Click here to claim your prize,scam
Limited offer get voucher free now,scam
Win a free laptop now click link,scam
Click here to claim your prize,scam
Payment failed retry using this link,scam
Limited offer get gift card free now,scam
Your bank account is suspended verify now,scam
Congratulations you won 1000,scam
Win a free gift card now click link,scam
Win a free laptop now click link,scam
Payment failed retry using this link,scam
Your OTP is required to complete transaction,scam
Congratulations you won 1000,scam
Win a free gift card now click link,scam
Urgent update your KYC immediately,scam
Payment failed retry using this link,scam
You won 500 rupees click here,scam
Account blocked verify urgently,scam
Limited offer get iPhone free now,scam
Limited offer get laptop free now,scam
Limited offer get gift card free now,scam
Your OTP is required to complete transaction,scam
Your bank account is suspended verify now,scam
You won 10000 rupees click here,scam
You won 1000 rupees click here,scam
You won 1000 rupees click here,scam
Your bank account is suspended verify now,scam
Click here to claim your prize,scam
Win a free iPhone now click link,scam
Account blocked verify urgently,scam
Your OTP is required to complete transaction,scam
Your OTP is required to complete transaction,scam
Limited offer get gift card free now,scam
Urgent update your KYC immediately,scam
You won 1000 rupees click here,scam
Click here to claim your prize,scam
You won 500 rupees click here,scam
Win a free voucher now click link,scam
Click here to claim your prize,scam
Urgent update your KYC immediately,scam
Payment failed retry using this link,scam
Click here to claim your prize,scam
Click here to claim your prize,scam
Your OTP is required to complete transaction,scam
Urgent update your KYC immediately,scam
Click here to claim your prize,scam
Payment failed retry using this link,scam
Your bank account is suspended verify now,scam
Click here to claim your prize,scam
Click here to claim your prize,scam
Win a free laptop now click link,scam
Congratulations you won 500,scam
Payment failed retry using this link,scam
Payment failed retry using this link,scam
You won 10000 rupees click here,scam
Your OTP is required to complete transaction,scam
Your bank account is suspended verify now,scam
Payment failed retry using this link,scam
Account blocked verify urgently,scam
You won 500 rupees click here,scam
Urgent update your KYC immediately,scam
Your OTP is required to complete transaction,scam
Limited offer get iPhone free now,scam
Win a free voucher now click link,scam
Account blocked verify urgently,scam
Urgent update your KYC immediately,scam
You won 10000 rupees click here,scam
Your OTP is required to complete transaction,scam
Account blocked verify urgently,scam
Urgent update your KYC immediately,scam
Your bank account is suspended verify now,scam
Congratulations you won 10000,scam
You won 1000 rupees click here,scam
Account blocked verify urgently,scam
Limited offer get voucher free now,scam
Payment failed retry using this link,scam
Your bank account is suspended verify now,scam
Congratulations you won 500,scam
Win a free gift card now click link,scam
You won 500 rupees click here,scam
Urgent update your KYC immediately,scam
Congratulations you won 10000,scam
Limited offer get voucher free now,scam
Your OTP is required to complete transaction,scam
Win a free laptop now click link,scam
Your OTP is required to complete transaction,scam
Your OTP is required to complete transaction,scam
Your bank account is suspended verify now,scam
Win a free iPhone now click link,scam
Click here to claim your prize,scam
Your OTP is required to complete transaction,scam
Your OTP is required to complete transaction,scam
Your OTP is required to complete transaction,scam
Your bank account is suspended verify now,scam
Payment failed retry using this link,scam
Your bank account is suspended verify now,scam
Congratulations you won 1000,scam
Click here to claim your prize,scam
Your OTP is required to complete transaction,scam
Your bank account is suspended verify now,scam
Account blocked verify urgently,scam
Click here to claim your prize,scam
Your bank account is suspended verify now,scam
Congratulations you won 500,scam
Urgent update your KYC immediately,scam
Payment failed retry using this link,scam
Click here to claim your prize,scam
Limited offer get iPhone free now,scam
Congratulations you won 1000,scam
Your bank account is suspended verify now,scam
Your OTP is required to complete transaction,scam
Urgent update your KYC immediately,scam
You won 5000 rupees click here,scam
You won 5000 rupees click here,scam
Account blocked verify urgently,scam
Account blocked verify urgently,scam
Congratulations you won 10000,scam
Win a free laptop now click link,scam
Congratulations you won 1000,scam
Limited offer get voucher free now,scam
You won 1000 rupees click here,scam
Account blocked verify urgently,scam
Your OTP is required to complete transaction,scam
Account blocked verify urgently,scam
Payment failed retry using this link,scam
Account blocked verify urgently,scam
Click here to claim your prize,scam
Your bank account is suspended verify now,scam
Congratulations you won 10000,scam
Your OTP is required to complete transaction,scam
Urgent update your KYC immediately,scam
Click here to claim your prize,scam
Your OTP is required to complete transaction,scam
Account blocked verify urgently,scam
Account blocked verify urgently,scam
Your OTP is required to complete transaction,scam
Payment failed retry using this link,scam
Payment failed retry using this link,scam
Congratulations you won 5000,scam
Your bank account is suspended verify now,scam
Your bank account is suspended verify now,scam
You won 10000 rupees click here,scam
Limited offer get laptop free now,scam
You won 10000 rupees click here,scam
Urgent update your KYC immediately,scam
Payment failed retry using this link,scam
Limited offer get gift card free now,scam
Account blocked verify urgently,scam
Click here to claim your prize,scam
Urgent update your KYC immediately,scam
Urgent update your KYC immediately,scam
Your bank account is suspended verify now,scam
Account blocked verify urgently,scam
Congratulations you won 10000,scam
Account blocked verify urgently,scam
Limited offer get iPhone free now,scam
Win a free laptop now click link,scam
Account blocked verify urgently,scam
Limited offer get voucher free now,scam
Click here to claim your prize,scam
Urgent update your KYC immediately,scam
Congratulations you won 5000,scam
Limited offer get iPhone free now,scam
Urgent update your KYC immediately,scam
Your bank account is suspended verify now,scam
Win a free iPhone now click link,scam
Payment failed retry using this link,scam
Account blocked verify urgently,scam
Account blocked verify urgently,scam
Urgent update your KYC immediately,scam
Account blocked verify urgently,scam
Urgent update your KYC immediately,scam
Account blocked verify urgently,scam
You won 1000 rupees click here,scam
Click here to claim your prize,scam
You won 5000 rupees click here,scam
Click here to claim your prize,scam
Your bank account is suspended verify now,scam
Win a free voucher now click link,scam
Limited offer get gift card free now,scam
Win a free gift card now click link,scam
Limited offer get iPhone free now,scam
Click here to claim your prize,scam
Account blocked verify urgently,scam
Congratulations you won 10000,scam
Congratulations you won 1000,scam
Limited offer get iPhone free now,scam
Congratulations you won 5000,scam
Your bank account is suspended verify now,scam
Your OTP is required to complete transaction,scam
Win a free voucher now click link,scam
You won 1000 rupees click here,scam
Payment failed retry using this link,scam
Urgent update your KYC immediately,scam
Payment failed retry using this link,scam
Payment failed retry using this link,scam
Urgent update your KYC immediately,scam
Account blocked verify urgently,scam
Urgent update your KYC immediately,scam
Congratulations you won 1000,scam
Win a free laptop now click link,scam
Payment failed retry using this link,scam
You won 10000 rupees click here,scam
Your bank account is suspended verify now,scam
Urgent update your KYC immediately,scam
You won 10000 rupees click here,scam
Your bank account is suspended verify now,scam
Limited offer get gift card free now,scam
Limited offer get laptop free now,scam
Account blocked verify urgently,scam
Account blocked verify urgently,scam
Click here to claim your prize,scam
Your OTP is required to complete transaction,scam
Congratulations you won 1000,scam
Payment failed retry using this link,scam
You won 10000 rupees click here,scam
Account blocked verify urgently,scam
Win a free gift card now click link,scam
You won 1000 rupees click here,scam
Payment failed retry using this link,scam
Urgent update your KYC immediately,scam
Win a free gift card now click link,scam
Win a free gift card now click link,scam
Payment failed retry using this link,scam
Limited offer get gift card free now,scam
Payment failed retry using this link,scam
Payment failed retry using this link,scam
You won 500 rupees click here,scam
You won 500 rupees click here,scam
You won 500 rupees click here,scam
Urgent update your KYC immediately,scam
Win a free gift card now click link,scam
Win a free laptop now click link,scam
Your bank account is suspended verify now,scam
Your bank account is suspended verify now,scam
Urgent update your KYC immediately,scam
Urgent update your KYC immediately,scam
Urgent update your KYC immediately,scam
Congratulations you won 500,scam
Limited offer get iPhone free now,scam
Account blocked verify urgently,scam
You won 10000 rupees click here,scam
Your bank account is suspended verify now,scam
Click here to claim your prize,scam
Urgent update your KYC immediately,scam
Click here to claim your prize,scam
Your OTP is required to complete transaction,scam
Payment failed retry using this link,scam
Your OTP is required to complete transaction,scam
Account blocked verify urgently,scam
Urgent update your KYC immediately,scam
Your bank account is suspended verify now,scam
Limited offer get voucher free now,scam
Your bank account is suspended verify now,scam
Your OTP is required to complete transaction,scam
Account blocked verify urgently,scam
Urgent update your KYC immediately,scam
Urgent update your KYC immediately,scam
Congratulations you won 10000,scam
Payment failed retry using this link,scam
You won 500 rupees click here,scam
Click here to claim your prize,scam
Click here to claim your prize,scam
Win a free voucher now click link,scam
Account blocked verify urgently,scam
Account blocked verify urgently,scam
You won 10000 rupees click here,scam
Account blocked verify urgently,scam
Your bank account is suspended verify now,scam
You won 10000 rupees click here,scam
Your OTP is required to complete transaction,scam
Limited offer get gift card free now,scam
Urgent update your KYC immediately,scam
Urgent update your KYC immediately,scam
Account blocked verify urgently,scam
Your bank account is suspended verify now,scam
You won 5000 rupees click here,scam
Your bank account is suspended verify now,scam
Your bank account is suspended verify now,scam
Limited offer get voucher free now,scam
You won 5000 rupees click here,scam
Payment failed retry using this link,scam
Limited offer get voucher free now,scam
You won 500 rupees click here,scam
Account blocked verify urgently,scam
Limited offer get laptop free now,scam
Urgent update your KYC immediately,scam
Class starts at 10 AM,safe
Please submit your assignment,safe
Meeting at 3 PM,safe
Let's meet tomorrow for project,safe
Exam is next week,safe
Meeting at 3 PM,safe
Exam is next week,safe
Let's meet tomorrow for project,safe
Class starts at 10 AM,safe
Class starts at 10 AM,safe
Let's meet tomorrow for project,safe
Class starts at 10 AM,safe
Please submit your assignment,safe
Dinner tonight?,safe
Project deadline is tomorrow,safe
Your order has been delivered,safe
Please submit your assignment,safe
Let's meet tomorrow for project,safe
Meeting at 3 PM,safe
Meeting at 3 PM,safe
Call me when free,safe
Exam is next week,safe
Let's meet tomorrow for project,safe
Exam is next week,safe
Let's meet tomorrow for project,safe
Dinner tonight?,safe
Notes uploaded check portal,safe
Call me when free,safe
Let's meet tomorrow for project,safe
Your order has been delivered,safe
Let's meet tomorrow for project,safe
Project deadline is tomorrow,safe
Your order has been delivered,safe
Your order has been delivered,safe
Notes uploaded check portal,safe
Let's meet tomorrow for project,safe
Project deadline is tomorrow,safe
Notes uploaded check portal,safe
Please submit your assignment,safe
Meeting at 3 PM,safe
Let's meet tomorrow for project,safe
Call me when free,safe
Your order has been delivered,safe
Exam is next week,safe
Notes uploaded check portal,safe
Class starts at 10 AM,safe
Notes uploaded check portal,safe
Call me when free,safe
Class starts at 10 AM,safe
Your order has been delivered,safe
Class starts at 10 AM,safe
Your order has been delivered,safe
Let's meet tomorrow for project,safe
Project deadline is tomorrow,safe
Project deadline is tomorrow,safe
Notes uploaded check portal,safe
Let's meet tomorrow for project,safe
Notes uploaded check portal,safe
Call me when free,safe
Please submit your assignment,safe
Project deadline is tomorrow,safe
Exam is next week,safe
Notes uploaded check portal,safe
Your order has been delivered,safe
Exam is next week,safe
Project deadline is tomorrow,safe
Class starts at 10 AM,safe
Project deadline is tomorrow,safe
Exam is next week,safe
Exam is next week,safe
Exam is next week,safe
Call me when free,safe
Meeting at 3 PM,safe
Call me when free,safe
Call me when free,safe
Let's meet tomorrow for project,safe
Class starts at 10 AM,safe
Call me when free,safe
Please submit your assignment,safe
Meeting at 3 PM,safe
Notes uploaded check portal,safe
Please submit your assignment,safe
Please submit your assignment,safe
Exam is next week,safe
Your order has been delivered,safe
Call me when free,safe
Please submit your assignment,safe
Call me when free,safe
Let's meet tomorrow for project,safe
Dinner tonight?,safe
Dinner tonight?,safe
Class starts at 10 AM,safe
Exam is next week,safe
Notes uploaded check portal,safe
Please submit your assignment,safe
Call me when free,safe
Your order has been delivered,safe
Project deadline is tomorrow,safe
Notes uploaded check portal,safe
Your order has been delivered,safe
Call me when free,safe
Dinner tonight?,safe
Meeting at 3 PM,safe
Dinner tonight?,safe
Meeting at 3 PM,safe
Meeting at 3 PM,safe
Call me when free,safe
Notes uploaded check portal,safe
Class starts at 10 AM,safe
Please submit your assignment,safe
Let's meet tomorrow for project,safe
Exam is next week,safe
Call me when free,safe
Class starts at 10 AM,safe
Let's meet tomorrow for project,safe
Dinner tonight?,safe
Dinner tonight?,safe
Project deadline is tomorrow,safe
Please submit your assignment,safe
Your order has been delivered,safe
Call me when free,safe
Call me when free,safe
Please submit your assignment,safe
Dinner tonight?,safe
Class starts at 10 AM,safe
Notes uploaded check portal,safe
Exam is next week,safe
Let's meet tomorrow for project,safe
Let's meet tomorrow for project,safe
Dinner tonight?,safe
Meeting at 3 PM,safe
Notes uploaded check portal,safe
Let's meet tomorrow for project,safe
Class starts at 10 AM,safe
Please submit your assignment,safe
Exam is next week,safe
Call me when free,safe
Call me when free,safe
Meeting at 3 PM,safe
Dinner tonight?,safe
Meeting at 3 PM,safe
Notes uploaded check portal,safe
Call me when free,safe
Let's meet tomorrow for project,safe
Call me when free,safe
Notes uploaded check portal,safe
Let's meet tomorrow for project,safe
Let's meet tomorrow for project,safe
Meeting at 3 PM,safe
Project deadline is tomorrow,safe
Please submit your assignment,safe
Class starts at 10 AM,safe
Class starts at 10 AM,safe
Dinner tonight?,safe
Dinner tonight?,safe
Exam is next week,safe
Your order has been delivered,safe
Notes uploaded check portal,safe
Please submit your assignment,safe
Your order has been delivered,safe
Dinner tonight?,safe
Meeting at 3 PM,safe
Meeting at 3 PM,safe
Dinner tonight?,safe
Class starts at 10 AM,safe
Call me when free,safe
Exam is next week,safe
Class starts at 10 AM,safe
Notes uploaded check portal,safe
Project deadline is tomorrow,safe
Please submit your assignment,safe
Dinner tonight?,safe
Let's meet tomorrow for project,safe
Class starts at 10 AM,safe
Exam is next week,safe
Call me when free,safe
Exam is next week,safe
Call me when free,safe
Call me when free,safe
Notes uploaded check portal,safe
Meeting at 3 PM,safe
Class starts at 10 AM,safe
Notes uploaded check portal,safe
Please submit your assignment,safe
Your order has been delivered,safe
Project deadline is tomorrow,safe
Class starts at 10 AM,safe
Exam is next week,safe
Your order has been delivered,safe
Project deadline is tomorrow,safe
Your order has been delivered,safe
Your order has been delivered,safe
Exam is next week,safe
Let's meet tomorrow for project,safe
Exam is next week,safe
Call me when free,safe
Call me when free,safe
Please submit your assignment,safe
Project deadline is tomorrow,safe
Let's meet tomorrow for project,safe
Let's meet tomorrow for project,safe
Notes uploaded check portal,safe
Please submit your assignment,safe
Dinner tonight?,safe
Call me when free,safe
Meeting at 3 PM,safe
Let's meet tomorrow for project,safe
Please submit your assignment,safe
Exam is next week,safe
Class starts at 10 AM,safe
Your order has been delivered,safe
Project deadline is tomorrow,safe
Notes uploaded check portal,safe
Meeting at 3 PM,safe
Notes uploaded check portal,safe
Please submit your assignment,safe
Class starts at 10 AM,safe
Let's meet tomorrow for project,safe
Let's meet tomorrow for project,safe
Please submit your assignment,safe
Meeting at 3 PM,safe
Exam is next week,safe
Exam is next week,safe
Please submit your assignment,safe
Meeting at 3 PM,safe
Your order has been delivered,safe
Class starts at 10 AM,safe
Meeting at 3 PM,safe
Project deadline is tomorrow,safe
Please submit your assignment,safe
Please submit your assignment,safe
Dinner tonight?,safe
Let's meet tomorrow for project,safe
Let's meet tomorrow for project,safe
Let's meet tomorrow for project,safe
Project deadline is tomorrow,safe
Call me when free,safe
Meeting at 3 PM,safe
Notes uploaded check portal,safe
Meeting at 3 PM,safe
Please submit your assignment,safe
Let's meet tomorrow for project,safe
Class starts at 10 AM,safe
Your order has been delivered,safe
Class starts at 10 AM,safe
Dinner tonight?,safe
Project deadline is tomorrow,safe
Call me when free,safe
Meeting at 3 PM,safe
Notes uploaded check portal,safe
Notes uploaded check portal,safe
Meeting at 3 PM,safe
Notes uploaded check portal,safe
Please submit your assignment,safe
Class starts at 10 AM,safe
Call me when free,safe
Exam is next week,safe
Class starts at 10 AM,safe
Let's meet tomorrow for project,safe
Dinner tonight?,safe
Class starts at 10 AM,safe
Let's meet tomorrow for project,safe
Let's meet tomorrow for project,safe
Project deadline is tomorrow,safe
Dinner tonight?,safe
Dinner tonight?,safe
Notes uploaded check portal,safe
Notes uploaded check portal,safe
Your order has been delivered,safe
Dinner tonight?,safe
Dinner tonight?,safe
Meeting at 3 PM,safe
Exam is next week,safe
Dinner tonight?,safe
Meeting at 3 PM,safe
Meeting at 3 PM,safe
Class starts at 10 AM,safe
Please submit your assignment,safe
Meeting at 3 PM,safe
Dinner tonight?,safe
Exam is next week,safe
Let's meet tomorrow for project,safe
Project deadline is tomorrow,safe
Notes uploaded check portal,safe
Please submit your assignment,safe
Meeting at 3 PM,safe
Exam is next week,safe
Exam is next week,safe
Call me when free,safe
Project deadline is tomorrow,safe
Please submit your assignment,safe
Notes uploaded check portal,safe
Exam is next week,safe
Class starts at 10 AM,safe
Class starts at 10 AM,safe
Class starts at 10 AM,safe
Please submit your assignment,safe
Notes uploaded check portal,safe
Meeting at 3 PM,safe
Call me when free,safe
